[
    {
        "name": "Jerry Li",
        "wallet Address": "0000000000000",
        "asset_unit": "1000",
        "dividend_amount": "200",
        "payment_method": "Wire Transfer",
        "date": "Sep 25 2019",
        "frequency": "Once"
    },
    {
        "name": "Jerry Li",
        "wallet Address": "0000000000000",
        "asset_unit": "1000",
        "dividend_amount": "200",
        "payment_method": "Token",
        "date": "Sep 25 2019",
        "frequency": "Once"
    },
    {
        "name": "Jerry Li",
        "wallet Address": "0000000000000",
        "asset_unit": "1000",
        "dividend_amount": "200",
        "payment_method": "Check",
        "date": "Sep 25 2019",
        "frequency": "Once"
    }

]