[  

    {
        "offering_name": "RedLedger",
        "issuer": "Redblock INC",        
        "round": "Series A",
        "businee_sector": "Real Estate",
        "exemption": "Reg D 360D",
        "type": "Equity",
        "amount": "10000",
        "price_per_unit": "$1.00",
        "created_date": "Sep 15 2019",
        "closed_date": "Oct 15 2019"
    },
    {
        "offering_name": "RedLedger",
        "issuer": "Redblock INC",        
        "round": "Series A",
        "businee_sector": "Real Estate",
        "exemption": "Reg D 360D",
        "type": "Equity",
        "amount": "10000",
        "price_per_unit": "$1.00",
        "created_date": "Sep 15 2019",
        "closed_date": "Oct 15 2019"
    },
    {
        "offering_name": "RedLedger",
        "issuer": "Redblock INC",        
        "round": "Series A",
        "businee_sector": "Real Estate",
        "exemption": "Reg D 360D",
        "type": "Equity",
        "amount": "10000",
        "price_per_unit": "$1.00",
        "created_date": "Sep 15 2019",
        "closed_date": "Oct 15 2019"
    },
    {
        "offering_name": "RedLedger",
        "issuer": "Redblock INC",        
        "round": "Series A",
        "businee_sector": "Real Estate",
        "exemption": "Reg D 360D",
        "type": "Equity",
        "amount": "10000",
        "price_per_unit": "$1.00",
        "created_date": "Sep 15 2019",
        "closed_date": "Oct 15 2019"
    },
    {
        "offering_name": "RedLedger",
        "issuer": "Redblock INC",        
        "round": "Series A",
        "businee_sector": "Real Estate",
        "exemption": "Reg D 360D",
        "type": "Equity",
        "amount": "10000",
        "price_per_unit": "$1.00",
        "created_date": "Sep 15 2019",
        "closed_date": "Oct 15 2019"
    }
]