[
    {
        "offering_name": "RedLedger",
        "issuer": "RedCapital",
        "round": "Series A",
        "business_sector": "Real Estate",
        "exemption": "Reg C 509 d",
        "type": "Equity",
        "amount": "1000",
        "price_per_unit": "1.00",
        "created_date": "Sep 25, 2019",
        "closed_date": "Sep 25, 2019"
    },
    {
        "offering_name": "RedLedger",
        "issuer": "RedCapital",
        "round": "Series A",
        "business_sector": "Real Estate",
        "exemption": "Reg C 509 d",
        "type": "Equity",
        "amount": "1000",
        "price_per_unit": "1.00",
        "created_date": "Sep 25, 2019",
        "closed_date": "Sep 25, 2019"
    },
    {
        "offering_name": "RedLedger",
        "issuer": "RedCapital",
        "round": "Series A",
        "business_sector": "Real Estate",
        "exemption": "Reg C 509 d",
        "type": "Equity",
        "amount": "1000",
        "price_per_unit": "1.00",
        "created_date": "Sep 25, 2019",
        "closed_date": "Sep 25, 2019"
    },
    {
        "offering_name": "RedLedger",
        "issuer": "RedCapital",
        "round": "Series A",
        "business_sector": "Real Estate",
        "exemption": "Reg C 509 d",
        "type": "Equity",
        "amount": "1000",
        "price_per_unit": "1.00",
        "created_date": "Sep 25, 2019",
        "closed_date": "Sep 25, 2019"
    },
    {
        "offering_name": "RedLedger",
        "issuer": "RedCapital",
        "round": "Series A",
        "business_sector": "Real Estate",
        "exemption": "Reg C 509 d",
        "type": "Equity",
        "amount": "1000",
        "price_per_unit": "1.00",
        "created_date": "Sep 25, 2019",
        "closed_date": "Sep 25, 2019"
    }
]