[
    {
        "id": 1,
        "doc_name": "Incorporation Documents",
        "file_name": "Incorporate_doc_2020.PDF"
    },
    {
        "id": 2,
        "doc_name": "Corporate Bylaws",
        "file_name": "Incorporate_doc_2020.PDF"
    },
    {
        "id": 3,
        "doc_name": "Organizational Chart",
        "file_name": "Chart_corporate_doc_2020.PDF"
    },
    {
        "id": 4,
        "doc_name": "Cap_Table",
        "file_name": "Cap_doc_2020.PDF"
    },
    {
        "id": 5,
        "doc_name": "Company Description",
        "file_name": "Company_doc_2020.PDF"
    }
]